Designator,Footprint,Quantity,Value,LCSC Part #
C1,CP_Radial_D10.0mm_P5.00mm,1,10u,
C2,C_Rect_L18.0mm_W5.0mm_P15.00mm_FKS3_FKP3,1,100p,
C3,C_Rect_L7.2mm_W2.5mm_P5.00mm_FKS2_FKP2_MKS2_MKP2,1,4.7n,
D1,D_DO-41_SOD81_P10.16mm_Horizontal,1,12v,
D2,D_DO-27_P15.24mm_Horizontal,1,15v,
J1,"TerminalBlock_Phoenix_PT-1,5-2-3.5-H_1x02_P3.50mm_Horizontal",1,Conn_01x02,
"J2, J3, J4, J5",PinSocket_1x01_P2.54mm_Vertical,4,Conn_01x01,
Q1,TO-247-3_Vertical,1,IRFP260,
"R1, R2",R_Axial_DIN0414_L11.9mm_D4.5mm_P15.24mm_Horizontal,2,1k,
RV1,Bourns PDB12-H,1,10k,
